{
	"info": {
		"_postman_id": "9b811095-55f7-4b0f-a26c-ad289562fd05",
		"name": "Test",
		"schema": "https://schema.getpostman.com/json/collection/v2.1.0/collection.json",
		"_exporter_id": "39294609"
	},
	"item": [
		{
			"name": "http://localhost:8080/api/licenses/update",
			"request": {
				"auth": {
					"type": "bearer",
					"bearer": [
						{
							"key": "token",
							"value": "eyJhbGciOiJIUzI1NiJ9.eyJzdWIiOiJ1c2VyIiwiYXV0aCI6WyJyZWFkIiwiUk9MRV9BRE1JTiIsIm1vZGlmaWNhdGlvbiJdLCJpYXQiOjE3MzUyMjgzNTksImV4cCI6MTczNTIzMTk1OX0.r5FTPoKSRWS_SjIRdmXrjV3qMj3411Ku8b79Hls3fUE",
							"type": "string"
						}
					]
				},
				"method": "POST",
				"header": [],
				"body": {
					"mode": "raw",
					"raw": "{\r\n    \"code\": \"81\"\r\n}",
					"options": {
						"raw": {
							"language": "json"
						}
					}
				},
				"url": {
					"raw": "http://localhost:8080/api/licenses/update",
					"protocol": "http",
					"host": [
						"localhost"
					],
					"port": "8080",
					"path": [
						"api",
						"licenses",
						"update"
					]
				}
			},
			"response": []
		},
		{
			"name": "http://localhost:8080/api/licenses/info",
			"request": {
				"auth": {
					"type": "bearer",
					"bearer": [
						{
							"key": "token",
							"value": "eyJhbGciOiJIUzI1NiJ9.eyJzdWIiOiJ1c2VyIiwiYXV0aCI6WyJyZWFkIiwiUk9MRV9BRE1JTiIsIm1vZGlmaWNhdGlvbiJdLCJpYXQiOjE3MzUyMjgzNTksImV4cCI6MTczNTIzMTk1OX0.r5FTPoKSRWS_SjIRdmXrjV3qMj3411Ku8b79Hls3fUE",
							"type": "string"
						}
					]
				},
				"method": "POST",
				"header": [],
				"body": {
					"mode": "raw",
					"raw": "{\r\n    \"name\": \"device\",\r\n    \"macAddress\": \"address\",\r\n    \"userId\": \"d2c5b91a-7401-4bde-a1f9-087cec10c2cc\"\r\n}",
					"options": {
						"raw": {
							"language": "json"
						}
					}
				},
				"url": {
					"raw": "http://localhost:8080/api/licenses/info",
					"protocol": "http",
					"host": [
						"localhost"
					],
					"port": "8080",
					"path": [
						"api",
						"licenses",
						"info"
					]
				}
			},
			"response": []
		},
		{
			"name": "http://localhost:8080/api/licenses/activate",
			"request": {
				"auth": {
					"type": "bearer",
					"bearer": [
						{
							"key": "token",
							"value": "eyJhbGciOiJIUzI1NiJ9.eyJzdWIiOiJ1c2VyIiwiYXV0aCI6WyJyZWFkIiwiUk9MRV9BRE1JTiIsIm1vZGlmaWNhdGlvbiJdLCJpYXQiOjE3MzUyMjgzNTksImV4cCI6MTczNTIzMTk1OX0.r5FTPoKSRWS_SjIRdmXrjV3qMj3411Ku8b79Hls3fUE",
							"type": "string"
						}
					]
				},
				"method": "POST",
				"header": [],
				"body": {
					"mode": "raw",
					"raw": "{\r\n    \"deviceName\": \"device\",\r\n    \"deviceMacAddress\": \"address\",\r\n    \"code\": \"81\"\r\n}",
					"options": {
						"raw": {
							"language": "json"
						}
					}
				},
				"url": {
					"raw": "http://localhost:8080/api/licenses/activate",
					"protocol": "http",
					"host": [
						"localhost"
					],
					"port": "8080",
					"path": [
						"api",
						"licenses",
						"activate"
					]
				}
			},
			"response": []
		},
		{
			"name": "http://localhost:8080/api/licenses/create",
			"request": {
				"auth": {
					"type": "bearer",
					"bearer": [
						{
							"key": "token",
							"value": "eyJhbGciOiJIUzI1NiJ9.eyJzdWIiOiJ1c2VyIiwiYXV0aCI6WyJyZWFkIiwiUk9MRV9BRE1JTiIsIm1vZGlmaWNhdGlvbiJdLCJpYXQiOjE3MzUyMjgzNTksImV4cCI6MTczNTIzMTk1OX0.r5FTPoKSRWS_SjIRdmXrjV3qMj3411Ku8b79Hls3fUE",
							"type": "string"
						}
					]
				},
				"method": "POST",
				"header": [],
				"body": {
					"mode": "raw",
					"raw": "{\r\n    \"productId\": 1,\r\n    \"licenseTypeId\": 1,\r\n    \"userId\": \"d2c5b91a-7401-4bde-a1f9-087cec10c2cc\"\r\n}",
					"options": {
						"raw": {
							"language": "json"
						}
					}
				},
				"url": {
					"raw": "http://localhost:8080/api/licenses/create",
					"protocol": "http",
					"host": [
						"localhost"
					],
					"port": "8080",
					"path": [
						"api",
						"licenses",
						"create"
					]
				}
			},
			"response": []
		},
		{
			"name": "http://localhost:8080/api/devices",
			"request": {
				"auth": {
					"type": "bearer",
					"bearer": [
						{
							"key": "token",
							"value": "eyJhbGciOiJIUzI1NiJ9.eyJzdWIiOiJ1c2VyIiwiYXV0aCI6WyJyZWFkIiwiUk9MRV9BRE1JTiIsIm1vZGlmaWNhdGlvbiJdLCJpYXQiOjE3MzUyMjgzNTksImV4cCI6MTczNTIzMTk1OX0.r5FTPoKSRWS_SjIRdmXrjV3qMj3411Ku8b79Hls3fUE",
							"type": "string"
						}
					]
				},
				"method": "POST",
				"header": [],
				"body": {
					"mode": "raw",
					"raw": "{\r\n    \"name\": \"device\",\r\n    \"macAddress\": \"address\",\r\n    \"userId\": \"d2c5b91a-7401-4bde-a1f9-087cec10c2cc\"\r\n}",
					"options": {
						"raw": {
							"language": "json"
						}
					}
				},
				"url": {
					"raw": "http://localhost:8080/api/devices",
					"protocol": "http",
					"host": [
						"localhost"
					],
					"port": "8080",
					"path": [
						"api",
						"devices"
					]
				}
			},
			"response": []
		},
		{
			"name": "http://localhost:8080/auth/login",
			"request": {
				"auth": {
					"type": "noauth"
				},
				"method": "POST",
				"header": [],
				"body": {
					"mode": "raw",
					"raw": "{\r\n    \"username\": \"user\",\r\n    \"email\": \"user\",\r\n    \"password\": \"user\"\r\n}",
					"options": {
						"raw": {
							"language": "json"
						}
					}
				},
				"url": {
					"raw": "http://localhost:8080/auth/login",
					"protocol": "http",
					"host": [
						"localhost"
					],
					"port": "8080",
					"path": [
						"auth",
						"login"
					]
				}
			},
			"response": []
		},
		{
			"name": "http://localhost:8080/auth/reg",
			"request": {
				"auth": {
					"type": "noauth"
				},
				"method": "POST",
				"header": [],
				"body": {
					"mode": "raw",
					"raw": "{\r\n    \"username\": \"user\",\r\n    \"email\": \"user\",\r\n    \"password\": \"user\"\r\n}",
					"options": {
						"raw": {
							"language": "json"
						}
					}
				},
				"url": {
					"raw": "http://localhost:8080/auth/reg",
					"protocol": "http",
					"host": [
						"localhost"
					],
					"port": "8080",
					"path": [
						"auth",
						"reg"
					]
				}
			},
			"response": []
		},
		{
			"name": "http://localhost:8080/api/license-types",
			"request": {
				"auth": {
					"type": "bearer",
					"bearer": [
						{
							"key": "token",
							"value": "eyJhbGciOiJIUzI1NiJ9.eyJzdWIiOiJhZG1pbiIsImF1dGgiOlsicmVhZCIsIlJPTEVfQURNSU4iLCJtb2RpZmljYXRpb24iXSwiaWF0IjoxNzM1MjI4MDE4LCJleHAiOjE3MzUyMzE2MTh9.AAchciAgvc3TSs4oGSdW1ZYEFT0jt8fgMVrElf-GpdQ",
							"type": "string"
						}
					]
				},
				"method": "POST",
				"header": [],
				"body": {
					"mode": "raw",
					"raw": "{\r\n    \"name\": \"Type 1\",\r\n    \"defaultDuration\": 10,\r\n    \"description\": \"Type 1\"\r\n}",
					"options": {
						"raw": {
							"language": "json"
						}
					}
				},
				"url": {
					"raw": "http://localhost:8080/api/license-types",
					"protocol": "http",
					"host": [
						"localhost"
					],
					"port": "8080",
					"path": [
						"api",
						"license-types"
					]
				}
			},
			"response": []
		},
		{
			"name": "http://localhost:8080/api/products",
			"request": {
				"auth": {
					"type": "bearer",
					"bearer": [
						{
							"key": "token",
							"value": "eyJhbGciOiJIUzI1NiJ9.eyJzdWIiOiJhZG1pbiIsImF1dGgiOlsicmVhZCIsIlJPTEVfQURNSU4iLCJtb2RpZmljYXRpb24iXSwiaWF0IjoxNzM1MjI4MDE4LCJleHAiOjE3MzUyMzE2MTh9.AAchciAgvc3TSs4oGSdW1ZYEFT0jt8fgMVrElf-GpdQ",
							"type": "string"
						}
					]
				},
				"method": "POST",
				"header": [],
				"body": {
					"mode": "raw",
					"raw": "{\r\n    \"name\": \"product\",\r\n    \"isBlocked\": false\r\n}",
					"options": {
						"raw": {
							"language": "json"
						}
					}
				},
				"url": {
					"raw": "http://localhost:8080/api/products",
					"protocol": "http",
					"host": [
						"localhost"
					],
					"port": "8080",
					"path": [
						"api",
						"products"
					]
				}
			},
			"response": []
		},
		{
			"name": "http://localhost:8080/auth/login",
			"request": {
				"method": "POST",
				"header": [],
				"body": {
					"mode": "raw",
					"raw": "{\r\n    \"username\": \"admin\",\r\n    \"email\": \"admin\",\r\n    \"password\": \"admin\"\r\n}",
					"options": {
						"raw": {
							"language": "json"
						}
					}
				},
				"url": {
					"raw": "http://localhost:8080/auth/login",
					"protocol": "http",
					"host": [
						"localhost"
					],
					"port": "8080",
					"path": [
						"auth",
						"login"
					]
				}
			},
			"response": []
		},
		{
			"name": "http://localhost:8080/auth/reg",
			"request": {
				"method": "POST",
				"header": [],
				"body": {
					"mode": "raw",
					"raw": "{\r\n    \"username\": \"admin\",\r\n    \"email\": \"admin\",\r\n    \"password\": \"admin\"\r\n}",
					"options": {
						"raw": {
							"language": "json"
						}
					}
				},
				"url": {
					"raw": "http://localhost:8080/auth/reg",
					"protocol": "http",
					"host": [
						"localhost"
					],
					"port": "8080",
					"path": [
						"auth",
						"reg"
					]
				}
			},
			"response": []
		}
	]
}